task_completion_rate,consistency_score,engagement_metric,performance_score
0.2018108982626694,0.18907416583684736,0.13004166982669033,27.711860649215126
0.2390044191574117,0.07451508262296226,0.29915470617088513,17.118338791062595
0.07514036963774968,0.2116382490850459,0.16771778548398064,9.311360205303107
0.18746222988209968,0.1282804001110012,0.09634864579078604,21.805336356251672
0.1715237949431246,0.13276365444442367,0.06603339777142593,22.971450600219434
0.24984911303648133,0.1947966973730645,0.10515616028584854,19.459231295901958
0.2718261181443781,0.280884186440678,0.11175998212786524,28.555305981437265
0.0036470314432160422,0.019201903982586276,0.02061410331718829,8.040680057703273
0.2022059757176378,0.24742297120410228,0.11087225982803195,15.807428353857969
0.015550739735918705,0.08771493312365793,0.13927155592176746,4.747311969969621
0.16465759952320677,0.13317583635191335,0.2168213256716414,22.82236396080995
0.08628981871310346,0.006573998632502687,0.19701884541648237,17.032225229616337
0.09203297985664236,0.0903138233502939,0.21262969656874628,14.972449726616412
0.10588755103570698,0.15078937278903914,0.0025091045630571294,5.1767859356108055
0.18638773471488304,0.016852823204231704,0.0653002198741608,19.613169256094658
0.10021498970063077,0.14732871881494955,0.19850528651995694,11.472882420487567
0.21980971517708411,0.2781331886575282,0.14519681045392413,20.481281565587693
0.1213582156721609,0.03161796543234156,0.0015940427005037838,7.7124976569790915
0.020505960092987583,0.22933221842265128,0.2413483927295467,22.651377970324837
0.23512795274523215,0.12290131601279779,0.2318428719871012,23.772615852695857
0.0857274973778118,0.1965521143573014,0.16452574889806879,16.495895121879293
0.12983006387977877,0.0780709793955688,0.019938997732881634,10.74060442794863
0.20563316496657044,0.04784767876240748,0.2299545148597754,15.866431570058795
0.0997368471446136,0.048138784281367926,0.17511407631940917,12.842880816210183
0.016975696844014686,0.021147583692943395,0.23458799314738774,0.0
0.11217631410384407,0.0556940114703729,0.22552409771875212,10.591408113236625
0.283334574808291,0.19926581549669048,0.24090062158735112,25.53681174898349
0.19252031918956744,0.2645071835530524,0.15540241992138745,15.088554271876685
0.20144374460016207,0.24423770567734854,0.04209735545805449,19.59011995822284
0.18968464609129196,0.20554029296234522,0.2013472420139066,18.792621042750817
0.05969764168783104,0.0331295590233308,0.18614213551559117,16.978372112797047
0.12550015923068403,0.08675623388878495,0.22267595615972616,21.48847208540227
0.22528193950899547,0.09294206259674069,0.05096430181522059,11.209329471035442
0.030411869265947744,0.07498708391928637,0.05849255997008676,4.549148149231625
0.08335583282691368,0.15450169791291693,0.26712285516579853,15.05012629113164
0.08289573253975609,0.16066614446390176,0.22499333953562123,12.305680465419222
0.1296056782783518,0.10706579255133306,0.27246854661009684,16.718368455823786
0.2941106222826555,0.1061367476209308,0.2276145963491762,17.37816562233025
0.020250764005146582,0.2485666793718244,0.17914659179709055,8.33545245845935
0.1556102983141785,0.23678785449590567,0.1962398211083621,22.531538487134235
0.05380940460366313,0.09233874950422369,0.266738377182003,15.200339767453485
0.29120296362292325,0.2741365331619778,0.17364202635358214,21.562369066125743
0.03399105141823926,0.2858445051007518,0.18971739729851622,20.583911821531785
0.12108030070847736,0.09802276260901224,0.04694301480108017,6.28969544385487
0.22136549545038184,0.10632748463791646,0.1421763660348308,17.396317121403026
0.21136632840823358,0.15169024602658765,0.21491913358742967,23.238510150007933
0.12681859106817966,0.282336243760102,0.08128280949490962,16.818519588184934
0.10395725038581546,0.26289582994269345,0.06067625415736047,17.15025497806657
0.11928371356586116,0.03077038877507694,0.09414804246732467,5.619864992007397
0.07928287894759178,0.11781922298142486,0.07245018839785003,8.123909755059307
0.06159988161203994,0.16601135692493155,0.06447379111091875,8.856940380225469
0.14491190926766698,0.15093974176546202,0.12745525286042608,10.532856921307307
0.0805601268202822,0.0581589203810678,0.27235155416506024,11.182885324696256
0.08623849946917503,0.2576450313504464,0.1521178940216155,8.52697193225428
0.1970268190423671,0.2030822348990512,0.0563761142445969,13.942585103565875
0.29056119950996767,0.25137251245554104,0.02309150081426222,19.573395969850843
0.18109116016781251,0.2576292838048416,0.20884684354137756,20.200943665939498
0.023093840119489884,0.22450675609972193,0.11483962933091635,10.444993572188876
0.022675084156220094,0.1317631803749152,0.24654928397560777,11.373625779460385
0.28542696625366976,0.18316402650462735,0.19785323059223106,25.171357933044842
0.08918723709220008,0.04810962183592294,0.23887243516241055,15.595722497668184
0.02762009582474263,0.2020936252424723,0.08158381182553462,6.968849877873264
0.17971337614511446,0.053775976721784226,0.20770767673831744,8.24738187257924
0.18709463348707983,0.20818487715304704,0.07921859540811563,11.540498863827217
0.19455144603560645,0.06887944822619059,0.2817205438350875,14.79983751924348
0.08022060835726239,0.03526539004506599,0.19091228446001232,7.456313508285567
0.00453320526434251,0.04958534704288723,0.09735354005260262,0.5006735274025327
0.28950461083634155,0.0005976405657210803,0.08085355868768179,7.1418574991964725
0.07526791370733074,0.21562188535605906,0.05727797552149305,9.708827786421683
0.20280788641576425,0.21972031471751372,0.20839228766811832,21.919466764016367
0.21198896096361286,0.15448000497397782,0.06561468389937819,18.501873039296015
0.1830022251238457,0.04840884031661511,0.1785909797782467,10.692057644949918
0.09387221826409446,0.025066301253206923,0.0793905080776072,4.55198286564903
0.08132887612921973,0.005738689931186103,0.19859068343816058,3.7852847344777647
0.17930048481081093,0.04972445308956621,0.24448191856216175,14.867227362747418
0.25982869008350745,0.267256660494944,0.23340757294339592,21.340176873294162
0.28402011867701865,0.07246105251050453,0.2282553992792345,22.46896563313527
0.03177174132112729,0.1062813981651647,0.05631672170767562,0.0
0.046448583779315954,0.03160364534439995,0.02651548409535561,1.8288096783482146
0.2834208776349239,0.06670839142445108,0.20968464854621569,20.419281714866848
0.22096056850043777,0.15576737123406154,0.1105041641383054,17.972057418279817
0.2648981474489319,0.18232580492869577,0.1297038679210042,33.685094088389214
0.060789790240602944,0.07360569424986331,0.00934472783801732,6.990409227159304
0.17627576133282055,0.01731964776753516,0.07787293478251475,4.58376851052937
0.2103418783252421,0.11730986073821958,0.010102921162339207,12.294772052460484
0.20403356563409178,0.07026101127790024,0.26375573178037426,8.33313964726728
0.12244550726000943,0.06586617696894058,0.07301900496555914,8.625612861968472
0.004618467507392543,0.28795884081403655,0.1672011508719024,10.278046615580749
0.17487781704127894,0.1848901457777172,0.011693796198339124,18.335564066630546
0.07593046175388263,0.16706353295162876,0.2000542173916974,11.138096185277071
0.1350762738428671,0.12473253105699657,0.09690820372622816,11.607565054889035
0.2872743045251452,0.12868330002904327,0.26937575608729974,19.5514923771828
0.11971059529273041,0.16227150115142425,0.26643545668021074,25.82306952828099
0.251940481999328,0.20892894211083216,0.09758718550852433,18.223598060975796
0.05656218172477534,0.21064382885454883,0.27028826870714034,25.55501321397474
0.20173814940750864,0.05150817231163487,0.2988473020496336,21.414253369039738
0.29310208633168305,0.1500338256229881,0.24762469923718441,25.576218467678448
0.030567930261881038,0.12358742851023058,0.25346140432656866,13.728478053085126
0.0024959826681576034,0.26115808988081524,0.07470262083272697,13.076924464454269
0.1300748377897843,0.1894256763655129,0.1730107196573269,6.519797279089445
0.027787644915410158,0.15975121992479455,0.020176774190210356,5.812800877985691
0.2245153049028694,0.03461839265367521,0.028475381046500912,15.129930321077538
0.2743645991545677,0.18169136679702344,0.2996677836099872,24.580990476957677
0.13020629181262763,0.03516117170407002,0.09799177482777328,1.8627378188240131
0.07761349264663228,0.10116197266972561,0.22445517361465392,11.99456583678469
0.13032099570198294,0.04285258944429956,0.24199951590804492,21.283195937608383
0.2170343453550003,0.20762209410731067,0.25740698130216877,28.6177802181837
0.0027162484741112933,0.06187563415084578,0.29928848922064694,9.446489317930068
0.17683619684540916,0.1175578119564078,0.07244894557706034,17.75644131700758
0.1839875054662137,0.2687024332856336,0.012105248057909912,15.234181483253215
0.19130647406878065,0.06129491501969109,0.12335745539837578,4.362159439266215
0.07260662399426317,0.15234151918763372,0.039024200948684085,4.589493214407039
0.21421581701343803,0.1257814983498066,0.006727766748616537,20.95362313403715
0.027417445899532922,0.00543721231371892,0.10812804814244582,2.6202360613761035
0.059781100940040244,0.2378274340718438,0.2351214753225709,15.376321216305325
0.2632410139963446,0.020713771894379916,0.16985420736752124,14.00178677897071
0.2216169452179699,0.14227650629308608,0.09383339676310622,25.7108733959195
0.004123666203403575,0.16820348848168498,0.1963026016478159,19.089428363000827
0.07451287811094005,0.18852793698437612,0.06960545409264321,22.413030438447514
0.06432194489794936,0.20658948879236266,0.0043144338216255075,9.116144697191048
0.08124189841109176,0.07598171505681452,0.2293060159309282,13.11980880544086
0.07426793108396591,0.0029936329975348117,0.18712292545920273,0.1703547876484679
0.01875788872285372,0.21703309870647358,0.22869078735028797,21.448415817989297
0.1376821549790461,0.16069697980427358,0.011681405006299684,5.5848178611292365
0.21982004243584954,0.2508353109621746,0.25113588834919565,24.934312608653133
0.18201951741523092,0.24641650887020827,0.185857860010891,15.065292369174582
0.20186150057942392,0.25299785033636496,0.16901860521379203,18.210515781601053
0.024344753560871745,0.14552839799386205,0.18738421443435946,6.565577277830528
0.28544721305303616,0.10008851875105969,0.2593299740605092,18.364859726542175
0.2515475501529074,0.237467460777411,0.17608095196767212,20.07967341677259
0.2415270955486988,0.13538823390877647,0.1742851139664538,16.01545588329109
0.24689514151253023,0.055032658921030354,0.29720374711972974,23.39871195963205
0.2798131524398284,0.2564922058684423,0.2270190501205704,20.320915590690277
0.1632761898341093,0.2647679630317042,0.13268814163534057,20.217836975426867
0.060084605360287764,0.13989292684205104,0.21221910000987831,18.694909915658048
0.18503508235576235,0.02270991819293624,0.11676914150753653,8.549497146104695
0.2228644481003817,0.11634782697507937,0.0686626387450497,11.113723383031278
0.2213752180062076,0.241061297838781,0.17905556306632783,20.61592009536258
0.15643470725006403,0.2705322085638686,0.2784546294341854,28.58600736739615
0.020537615800073416,0.061041822749278746,0.2787418560046388,10.897052983110452
0.11133388152903835,0.020092083607581458,0.10257158343164709,5.0647963001800695
0.2762299825390072,0.26320513593985156,0.1583032398665085,26.638343312058005
0.1753346729272278,0.11682148169366258,0.06349076957095835,7.177947266459142
0.16149958297671402,0.16252828928026897,0.29868933284966503,23.02250431733434
0.08065605431465805,0.29041974361522765,0.2943353723603807,22.79235404663764
0.11053467597497367,0.019969418374266856,0.1948526789122342,8.452591299209722
0.2686038267459508,0.19449540223562867,0.241324217903242,19.39166860342993
0.19993891425805072,0.02223162677246012,0.21453004838511,9.705510105568598
0.23621610802569984,0.1126406785399501,0.17794746571184045,20.51384139445181
0.13630362692029654,0.241144363558034,0.016004399096669307,20.437210291205094
0.9082658859666537,0.7083629767150348,0.33520804737087273,66.31700207282022
0.23956189066697242,0.837013328363672,0.1737615931357438,45.51391546555844
0.1448948720912231,0.6974714616692836,0.7120140203307808,37.57251145733302
0.489452760277563,0.6801407717603004,0.8259782127080818,61.10940408712908
0.9856504541106007,0.6186113782151843,0.10063747852353333,63.438058700689304
0.2420552715115004,0.7527166395576412,0.23987411275594472,37.475728978966906
0.6721355474058786,0.1586051052930737,0.1419719897609939,31.303368451569597
0.7616196153287176,0.8808707591989284,0.3479414115821666,66.65489869232094
0.23763754399239967,0.871843527745232,0.45035097890541265,52.739763345046285
0.7282163486118596,0.029247283034559146,0.7488263369633065,47.936322182734735
0.3677831327192532,0.8258167505647627,0.6511475848816741,48.70244503395381
0.6323058305935795,0.1288698674734452,0.6209285674784312,34.72239200909921
0.6335297107608947,0.3351188542591419,0.3523749466096544,42.84539610546124
0.5357746840747585,0.7435082562916078,0.8414475530847599,70.77839809058338
0.0902897700544083,0.1607598960483082,0.47128716739816456,7.282842135195061
0.835302495589238,0.8179670241190622,0.9791049380151545,84.0199182373574
0.32078006497173583,0.8321341779577419,0.6341421382957368,55.17821300219671
0.18651851039985423,0.5074677337608362,0.12626474156450274,35.320418527778244
0.040775141554763916,0.00638587171683358,0.676177562075434,16.833841165601264
0.5908929431882418,0.2870381331749128,0.325104015431699,43.72459769814874
0.6775643618422824,0.6169269183757422,0.6863271966860974,66.55948223443202
0.016587828927856152,0.9811861780274235,0.06964114816240574,26.093225693098205
0.512093058299281,0.6318135270166684,0.1748814371759594,50.8102677901123
0.22649577519793795,0.2598035810641598,0.8557372589057863,40.62337034508921
0.6451727904094499,0.6340057030996114,0.2271795570235149,56.21794334882522
0.17436642900499144,0.5399853797158555,0.83704112524294,66.43136211350972
0.690937738102466,0.7798453951511436,0.27927608845441043,51.49343586825598
0.3867353463005374,0.10698063882695841,0.6428819100587077,43.90926721123827
0.9367299887367345,0.761027902502028,0.694150573509831,80.02170287778435
0.13752094414599325,0.5412665786761103,0.5126547531450529,38.69818137014496
0.3410663510502585,0.9629920038589946,0.3053106766967313,54.75257986798722
0.11347352124058907,0.3418721660386861,0.21264437637109612,19.699394403264762
0.9246936182785628,0.6326218931339481,0.03318935456242622,57.11008021369756
0.877339353380981,0.9320281055100175,0.3039464012407238,76.960761536973
0.2579416277151556,0.10250972799067926,0.653162790531283,22.648706868203675
0.659984046034179,0.9372284872364511,0.9383048184484827,86.41287519346385
0.8172222002012158,0.6878857223008134,0.871204482263052,76.46402832072712
0.5552008115994623,0.0678370591051719,0.7660647765353026,38.083602250840286
0.5296505783560065,0.30096356694681625,0.7884473432532987,49.18086726873223
0.24185229090045168,0.7081720886452816,0.6649849034759953,57.37048340981567
0.09310276780589921,0.0673506014687717,0.260286857566003,9.911877767711937
0.8972157579533268,0.5821704601762733,0.9071950307058299,80.73674028299648
0.9004180571633305,0.34588305695295674,0.670732311905834,61.23615569895519
0.6331014572732679,0.6209155177674771,0.56044063098044,64.8567264369215
0.3390297910487007,0.04574203381251285,0.11098946921348107,21.364438249674023
0.3492095746126609,0.8715368061523763,0.4470555438064254,64.8916039614823
0.7259556788702394,0.9734889691773969,0.4603582712019263,73.74147812857055
0.8971102599525771,0.9688778552856915,0.86456360952267,94.75249959495856
0.8870864242651173,0.7496518317429247,0.5466482201877885,75.8778142839965
0.7798755458576239,0.13008624013063197,0.38040054897040965,51.73741287245239
0.6420316461542878,0.7582631959290226,0.9768003285106593,73.04632397841013
0.08413996499504883,0.02458691645880151,0.11072059332631567,10.719182073404305
0.16162871409461377,0.022123551528997254,0.4225484283119446,16.82969709451466
0.8985541885270792,0.32361021914954125,0.04202467517140529,47.99820120505975
0.6064290596595899,0.48864319040466575,0.7399041207669304,60.316039491962016
0.009197051616629648,0.7704074178077932,0.9180765521991506,51.5452574750501
0.1014715428660321,0.6832953766065052,0.28003732955048943,34.393987919021406
0.6635017691080558,0.44590270637674834,0.8583416767991209,64.67877332333907
0.005061583846218687,0.2736266662816659,0.29221823046189777,24.97544272306542
0.16080805141749865,0.9971245001577111,0.9107701616439152,69.02818203139381
0.5487337893665861,0.42618130223597295,0.7539619035967839,60.06051770532658
0.6918951976926933,0.4513870243296755,0.8049067768414386,61.31932555016298
0.6519612595026005,0.16362382119166918,0.0180065556004545,27.809243870682188
0.22426930946055978,0.7948095487499294,0.962810357074026,65.63586830270934
0.7121792213475359,0.6936822257814886,0.7266709920703233,75.3130555206606
0.23724908749680007,0.2207696127887604,0.3047510953861333,32.19903071088686
0.3253996981592677,0.0823810456158427,0.8293946648588469,33.614288014550226
0.7464914051180241,0.6804993020747131,0.28152119841492995,59.56741846090745
0.6496328990472147,0.6545112142811352,0.872753839566128,62.51463363825435
0.8492234104941779,0.2732595269982093,0.11258039041193701,44.385174094698506
0.6576128923003434,0.9508635622504104,0.7036859774607958,82.15974236019522
0.5683086033354716,0.15105789178090023,0.5406984766449103,39.20435536573214
0.09367476782809248,0.4323348010426019,0.09653447019544081,24.494469480504904
0.3677158030594335,0.9436159201675989,0.24189382825883898,52.83001950472523
0.26520236768172545,0.4197273169261223,0.01240403627731479,27.228936847723972
0.24398964337908358,0.6385259476640855,0.46876796546450583,38.08873609094064
0.9730105547524456,0.3975943979627943,0.3012652607600004,60.793904885965134
0.3930977246667604,0.27421520234867003,0.5983574842977588,25.324698321814225
0.8920465551771133,0.9839776479598282,0.2972378077086172,76.61754428758402
0.6311386259972629,0.409334006315043,0.2999191115069847,38.91784683001594
0.7948113035416484,0.8940992036791344,0.7431931987316034,87.6957268214598
0.5026370931051921,0.22995460589108618,0.04814283597835345,33.24450259367709
0.5769038846263591,0.2131047040250833,0.9028949951919872,55.44054981556236
0.4925176938188639,0.03113408288451136,0.8522638743911815,49.702028649288884
0.1952429877980445,0.651666825375885,0.6678046832264065,42.568592876613735
0.7224521152615053,0.36852634372376114,0.5932215701073843,65.36386188305426
0.2807723624408558,0.864358249839637,0.8923024981396522,68.45195351681477
0.02431596643145384,0.47320990669155716,0.18533017952871444,20.985463443585786
0.6454722959071678,0.9681934279147217,0.07896916219082861,67.35799160398741
0.17711067940704894,0.18552551570312115,0.2395101699095381,14.034106911571481
0.9404585843529143,0.8686231679556108,0.7945782787001903,83.76204041242934
0.9539285770025874,0.7765968527917417,0.03467026672648332,63.161840979778034
0.9148643902204485,0.770921844644052,0.5828068350834896,75.50212250812692
0.3701587002554444,0.8447832281168877,0.9954375161913099,63.97691068529033
0.015456616528867428,0.7610239909429989,0.8556960938375394,54.76192202557477
0.9283185625877254,0.6262203216314154,0.5214456890435895,70.79232398484913
0.42818414831731433,0.13124487768238757,0.06364090928664234,25.074484225526597
0.9666548190436696,0.032526179491251916,0.8313735143857098,57.737190071514945
0.9636199770892528,0.9208478478156868,0.5989785081772105,76.64591995880683
0.8530094554673601,0.616650314520738,0.11493299705956683,59.926750945366514
0.2944488920695857,0.7965372909761763,0.0938572848233562,32.441918110434614
0.38509772860192526,0.4815223515125501,0.9096268194365924,54.65469170250373
0.8511366715168569,0.11730818896239448,0.6692002629380784,48.03968485364599
0.31692200515627766,0.12518579220255044,0.8292867993167555,47.7269329124133
0.1694927466860925,0.6855652872289714,0.8789789002822673,57.30578103838799
0.5568012624583502,0.4303058948994627,0.5717723520483222,52.15583457738066
0.936154774160781,0.20052472670033672,0.5174463517550413,63.7192485830924
0.696029796674973,0.4915945467414369,0.4304274103209902,51.57610637364529
0.570061170089365,0.06420893707513409,0.3169465877911193,35.69082118933274
0.09717649377076854,0.5819714019143988,0.43459596085871177,36.120010007896056
0.6150072266991697,0.26899340443509767,0.7738796557301564,54.68215002311747
0.9900538501042633,0.7975591006371882,0.6019234310151316,88.92657580238425
0.14008401523652403,0.31036195892357377,0.8925232899548461,42.44157193455621
0.5183296523637367,0.4552201490818012,0.4433800143791877,49.19400998601732
0.8773730719279554,0.011620539908100636,0.607089578718754,42.404444060729105
0.7407686177542044,0.07244688779455888,0.6313075530919887,43.148843133880135
0.697015740995268,0.3924935564066848,0.5916971623063255,55.79678850372421
0.7024840839871093,0.4799388347171235,0.7026337730855163,62.92992877310486
0.35949115121975517,0.6000205481193037,0.23743346837480628,35.66518331896637
0.29359184426449336,0.29166257870930323,0.5123637775457907,46.819341841942226
0.8093611554785136,0.6949818861265425,0.10422480280834767,66.8864025800461
0.8101133946791808,0.8601223971892046,0.38451132764481255,75.13219448187213
0.8670723185801037,0.7798509888933498,0.4876670686212644,74.52953837642174
0.9132405525564713,0.039618825348357145,0.6522242595454725,53.160842628582415
0.5113423988609378,0.48050694725782894,0.9505310525862035,56.27512312300543
0.5015162946871996,0.10493017841817487,0.6006510665483559,39.13688728842732
0.7982951789667752,0.24204501586252747,0.7435939161765598,60.28199331898722
0.6499639307777652,0.9866625932671464,0.5062660594952028,66.97959660543269
0.7019668772577033,0.14249554290151323,0.6341040313763313,50.58950196249387
0.795792669436101,0.49888815345135606,0.07093221613377343,50.2898023074621
0.8900053418175663,0.6181557343181191,0.254391580841847,54.05641610549604
0.3379951568515358,0.702464970544104,0.3618530932051387,42.850482519336026
0.375582952639944,0.5596486834869141,0.47249335500651357,44.355328235694365
0.093981939840869,0.00977084741918366,0.045648745502383736,14.680914177566734
0.578280140996174,0.3264613082439919,0.14002409755331768,40.84071948988841
0.035942273796742086,0.5177116433847114,0.2768143077913058,19.80054831961777
0.46559801813246016,0.08786649914483335,0.9715326909010507,48.41774691498203
0.5426446347075766,0.35062693120918076,0.33134700710305076,34.524883213508836
0.2865412521282844,0.033203108791366565,0.48204105811208253,30.08824061506664
0.5908332605690108,0.07857849715502074,0.19609771273839294,28.930397382556592
0.03050024993904943,0.39692327620159606,0.6107800710757683,29.91364549781619
0.03734818874921442,0.13271575404306035,0.2806832155159743,19.785042567086
0.8226005606596583,0.5675408482615582,0.20699257843842678,51.50694873358029
0.3601906414112629,0.6894649691372657,0.5165726284459791,44.46762436183934
0.12706051265188478,0.8005866991090829,0.005505799160420821,30.322603322173787
0.5222432600548044,0.2001502442448101,0.0076640326492253275,33.278484022087746
0.7699935530986108,0.16748258225906976,0.21906880910185778,34.541622353174105
0.21582102749684318,0.10456784033440025,0.03672136250082114,0.0
0.6228904758190003,0.6364302495436367,0.10802575413069138,47.63552732800958
0.085347464993768,0.7064757264869012,0.3388606493387516,39.37076925981565
0.0516817211686077,0.03158614482564204,0.8025856795798129,29.238734653831248
0.531354631568148,0.9362122462436898,0.5720486433693008,66.0070231550606
0.5406351216101065,0.05197128365147241,0.5126677259564164,34.203959905536195
0.6374299014982066,0.5412963353010705,0.29348882320812164,57.54929204694751
0.7260913337226615,0.7090605194509164,0.9317537194328164,67.80590601703183
0.9758520794625346,0.8709691237460856,0.39701504123719167,77.50077466462913
0.5163003483011953,0.7140869321324278,0.08709276679577149,48.774495176202365
0.32295647294124596,0.8017280830697918,0.6170665161178013,58.65149833446276
0.7951861947687037,0.33945019254280606,0.11383839347660141,43.98513090070698
0.2708322512620742,0.8148251137465122,0.3452231428016921,48.15495266018241
0.4389714207056361,0.08011484638467514,0.5074119387178089,20.60653815256935
0.07845638134226596,0.8948166560605276,0.8742225246851758,53.02115927126926
0.02535074341545751,0.5475923761537362,0.49354658034011867,34.785970973274374
0.9626484146779251,0.8172977699624937,0.7022587660316643,79.7563575153225
0.8359801205122058,0.45231828451830014,0.9928168389990704,74.38568686155348
0.695974206093698,0.643577695196525,0.13148911989798162,55.88577807708933
0.4089529444142699,0.5264026609361132,0.2747315255195195,39.937753043033915
0.17329432007084578,0.7315895217553319,0.3945760755976464,43.25412680919446
0.15643704267108605,0.08162998203058958,0.42182817853883137,14.846572714961798
0.25024289816459533,0.0603520839905638,0.41102107526554577,21.364509349411954
0.5492266647061205,0.24710323401014644,0.9076110025565549,56.359035690459926
0.7145959227000623,0.15954468011318834,0.7140326444668564,52.80358162847767
0.6601973767177313,0.8717835665922017,0.6079052140907037,69.18529390388423
0.27993389694594284,0.21921398735804432,0.3093727178627821,27.725245403392783
0.9548652806631941,0.9758652558191313,0.8237903842212947,96.51770373891283
0.7378969166957685,0.33689579177110685,0.9550605114849889,54.93403577405681
0.5543540525114007,0.18211791568869928,0.8211982825502265,54.87361653809565
0.6117207462343522,0.7896985071424791,0.0015651051914729042,50.46613153574233
0.4196000624277899,0.6587077755008761,0.636401370183407,57.87625856042859
0.24773098950115746,0.498195716453139,0.051135381442100725,34.61070881018482
0.3559726786512616,0.5553635509376312,0.25760722033372185,33.25844345105828
0.7578461104643691,0.7192017782722638,0.059524700347771686,53.42681915466056
0.014393488629755868,0.22845474133129873,0.6037954529493877,22.223798336141858
0.11607264050691624,0.9963339160567419,0.6865899134926068,52.76057291395564
0.04600264202175275,0.9747931621467831,0.11448763806590512,47.49474018683919
0.040728802318970136,0.6503256863469369,0.3838388830449795,29.702662721892118
0.8554605840110072,0.19954245092914513,0.456236508955542,49.83058796941459
0.7036578593800237,0.6802282424312913,0.3690530217609166,62.202573562333946
0.4741738290873252,0.07219840897917584,0.12102500048519305,18.508774859513547
0.09783416065100148,0.030652502205806065,0.4189477901874754,13.481495199148839
0.49161587511683236,0.2576828885112137,0.7511780478084181,49.0502536040271
0.4734717707805657,0.4626229567393163,0.07100766453325547,35.24156390851753
0.17320186991001518,0.8682725054083805,0.08018001408190345,38.85517854324177
0.43385164923797304,0.727169069766308,0.3547712918359842,49.02760514499746
0.39850473439737344,0.742706521199981,0.941725711618925,57.90570886246356
0.6158500980522165,0.42549333444807536,0.668572646722914,57.848552852540344
0.6350936508676438,0.3459349925469629,0.6786699566725648,63.25288504889978
0.04530400977204452,0.3710387629846027,0.36191999083786497,23.93852502020669
0.3746126146264712,0.9876495637360578,0.5936607912085384,65.52007968227208
0.6258599157142364,0.04010919141248248,0.010131184027743378,30.15511170428422
0.5031362585800877,0.8670314961224486,0.6360960464095422,60.02730138499427
0.8564898411883223,0.5786754085723934,0.9132869475762367,85.85797992762059
0.658693631618945,0.43861541918959046,0.6125734683448192,58.02526562712796
0.1629344270814297,0.7252576604151365,0.873698593466345,61.90314452989114
0.07056874740042984,0.48666894142470285,0.7239730554660938,34.29032425491419
0.6424192782063156,0.8734232380816606,0.12055841640369025,68.37085448399212
0.026511310541621813,0.9007018640112585,0.9024533072858417,59.02212781437888
0.5857755812734633,0.4217209268734554,0.06644384435577488,42.61755222966563
0.9402302414249576,0.2768277972350516,0.5339674725477638,61.817491645684946
0.575474177875879,0.5923503285933622,0.14213712379345766,46.06201362026703
0.3881699262065219,0.912363345616691,0.011706610730904066,53.75483770548702
0.6432882184423532,0.21066218900566658,0.422034260127639,44.35736120532367
0.45825289049151663,0.6229665835634828,0.29504070765415624,37.674615217800714
0.5456167893159349,0.6315602200925206,0.486000493797603,50.493359312280674
0.9414648087765252,0.733113022415281,0.5771998867345508,76.81831654299587
0.38610263780077425,0.1315676851272598,0.04373907230894736,22.69244621503652
0.9611905638239142,0.7158249646820886,0.12300329512374564,66.29363625042383
0.9053506419560637,0.909032520665641,0.5586423964504253,88.09107776176894
0.19579113478929644,0.17968310887024197,0.34316735317265823,12.94422871115366
0.06936130087516545,0.23754332492387764,0.729173487549448,30.035745278604338
0.10077800137742665,0.9713950940416396,0.6522916485919397,45.247343434417175
0.018221825651549728,0.18097695270948977,0.8456043629899068,32.001736923062644
0.0944429607559284,0.8543850933695791,0.6924928266692253,50.52122379269303
0.6830067734163568,0.4922778564480348,0.42993107739014813,57.396322707209784
0.07118864846022899,0.24723107440317704,0.6729666223944324,24.005384299432333
0.3189756302937613,0.8707499012725114,0.2753811742554185,56.517125770962565
0.8448753109694546,0.4453052550026655,0.3063134987782127,62.247157153621046
0.023271935735825866,0.5148173539296902,0.7889851599207933,41.59183533005147
0.8144684825889358,0.3592333693997657,0.4464195164015822,55.66480890827159
0.28185477477339993,0.5929508514349274,0.7983803405183525,54.88626573059293
0.11816482762165625,0.16352387258502277,0.8224223736682784,27.476025147112264
0.6967371653641506,0.3910815366517607,0.8575623376612838,67.2741771340133
0.628942846779884,0.9694123223352875,0.9166352358412073,90.25043052058021
0.877472013527053,0.25813343270112754,0.43098522051329624,60.26123399834992
0.7350710438038858,0.6567366645412922,0.31886681832113883,56.71228312009208
0.8034809303848486,0.3251900642246949,0.5821987465941139,59.88294471447662
0.2820345725713065,0.7734731256866006,0.3711724234376276,41.16654516903073
0.17743954377972282,0.13087366071834983,0.601074166800233,29.56696560221536
0.7506147516408583,0.9698210450785447,0.7055858626438246,83.86099027379171
0.806834739267264,0.45378954138363925,0.6884050184921369,56.01706728376054
0.9905051420006733,0.23605046334646396,0.37455288702012135,51.43687485309438
0.4126176769114265,0.07349674733001266,0.16686020169875282,21.832903791757488
0.37201808579278317,0.16975790508754074,0.43052933846220753,30.08118483562631
0.7764129607419968,0.5197739485560177,0.14259414408190874,46.766075554094186
0.34080354025301784,0.3370031764312863,0.8900970351838083,49.62457231157186
0.9307573256035647,0.8288833658826095,0.3458774607378574,76.14551539318292
0.8584127518430118,0.43088752366180594,0.15445974722332378,52.30772142257418
0.42899402737501835,0.2487142725876299,0.025447759905750877,22.721997132419734
0.7508710677914974,0.61714498660403,0.6458223862864843,73.02401253204587
0.7545428740846823,0.7067772168854458,0.6369023174547432,79.11851105618796
0.10312386883593261,0.16704190790094986,0.34060416658129167,16.068718275270154
0.9025529066795667,0.16761921628831766,0.071711888847651,40.70075147269095
0.5052523724478571,0.03667142693354297,0.409628894895232,34.19035554002907
0.8264574661077416,0.7364020150656405,0.3112174950633936,64.822659649457
0.32004960103061175,0.6638045276218051,0.6771206397350094,52.266172498046714
0.8955232284962005,0.4746308757498139,0.6057792494526903,71.27575678603213
0.3892016787341631,0.8441704489691971,0.36459372819754,44.68209563069046
0.01083765148029836,0.8056701529500532,0.2178925542549901,40.6707868931019
0.9053819764192637,0.5853543643967521,0.9880359661555919,81.76698358619338
0.09128667678613356,0.8682712805132586,0.45400162119611487,43.33353669650136
0.31931363759041487,0.20584121003676825,0.688274235780237,36.737672978302164
0.9500619670508049,0.11191961939772788,0.14055296757836078,45.24563632551428
0.9506071469375561,0.2697496115169896,0.4855896996593978,50.9492582548572
0.5734378881232861,0.05708685608931485,0.027536719869465487,33.09866462206028
0.6318372121697993,0.531169528001032,0.50545511791045,56.70742807594243
0.44844552197831977,0.9366056922949615,0.9640174071177023,77.03446593963587
0.29321077169806453,0.03934354066850965,0.3842067129858002,27.46837146883564
0.32866454536991596,0.1221099140100268,0.03899601257491159,13.289516831718863
0.6725184560770384,0.4521990282834353,0.03095579091934353,45.8689585011615
0.75237452943768,0.9338750175279049,0.3879867599468695,71.14207033516163
0.7915790437258485,0.3161561049767505,0.16002493646319405,50.96310271088253
0.7896181427945539,0.5072348086883924,0.023352096328185912,39.28560932232306
0.09120610304869037,0.0415728590503921,0.7562136139501768,23.513163036259414
0.49442030470258147,0.14834320096208886,0.4585230088818907,33.41779616490383
0.057558760016644284,0.9866301229588469,0.2892447719726545,46.22683875671255
0.5495288823237355,0.9651186964360455,0.9000831830164807,80.61261018046405
0.441530501373377,0.004939980934409616,0.11613896020052561,17.199463918542428
0.8877041827582998,0.951811785423239,0.9559188289553192,89.15868120314812
0.3509150125520787,0.6391199378155004,0.3139667173773528,43.70163941727284
0.11706701642760586,0.8679182945200221,0.8884036723086812,52.786701636446004
0.14299168205283586,0.4547398556338591,0.6029428764794615,40.91905261854568
0.7615106317174722,0.5155960285792502,0.8267073597414875,67.32793426027261
0.6182180633162611,0.4888465802569202,0.9840131632104643,51.90374082529604
0.10112267612279024,0.6668642575461043,0.2884054378187457,32.72118172138487
0.08410680611499743,0.1396512547563129,0.961135485407593,27.087734192040813
0.70096913145912,0.029973589872677953,0.38948189490242036,30.668509199164305
0.07276300636419353,0.3079299415911909,0.3855119047369223,17.138732637569618
0.8218600592903562,0.7046807627366467,0.3403871042545057,66.59494903292438
0.7062422271564962,0.20185345212294836,0.5414076073475852,55.492954235493826
0.08134878064189976,0.6734324333249173,0.1541450431784871,32.24363484083517
0.08483771408519192,0.9699120461072704,0.5537114853580112,48.150700370033725
0.9866395785011755,0.09390071578941839,0.541704812410004,58.574249478780274
0.3742707957561203,0.6726021182251263,0.76190181260487,55.26399973215102
0.3706421470668909,0.44375021930457115,0.8336499619375856,47.72519076095954
0.8127995672575026,0.8681422543775054,0.44044135031242404,68.13618201015848
0.9472485773838587,0.1771497894473859,0.30233324935149375,42.8893729260416
0.9860010638228709,0.6926259522261645,0.25933489731709447,68.21570478096072
0.7533781852589416,0.8381152896481102,0.19462383670487193,65.12502591526399
0.37625958553091576,0.9446142194740232,0.05764758219902488,49.06995230772862
0.08350071669866876,0.6832480282896458,0.34244797883471334,33.73507448921539
0.7771469159274368,0.4971747640084273,0.27024769213078326,50.514455377178095
0.558404249735805,0.6178472402012138,0.9664173858664074,71.16248900155972
0.4242220092469763,0.8689049844787182,0.5577088262500439,54.73761588315236
0.906354385094736,0.5706097466388297,0.34727703903050755,68.78758208112855
0.11119748230615134,0.03038705969683686,0.580467600993696,15.012051311844118
0.49262510429085915,0.9309486955069778,0.1391967013456955,52.0059498612558
0.011353644767419069,0.6895267510315611,0.4440437492022029,28.354749853778095
0.46866064199412627,0.6765133857772465,0.6262343214210638,55.573241483067086
0.05630327568183735,0.21567515239771717,0.4888978317924514,26.899769448394775
0.11881791626807192,0.6588854702326572,0.40177880065432425,40.43631856744377
0.11752624677710488,0.3938644056541585,0.9938483888996982,48.22462435161237
0.6492103021160636,0.6512329770414921,0.880314762148927,73.38014806448763
0.7460448792654233,0.10659303030799072,0.6234059581594401,43.639351042730766
0.5833687650971596,0.657845304603036,0.5693773611822828,58.93982417291193
0.9621725484745419,0.9994137257706666,0.620660479824584,85.08189869098229
0.37487057952370406,0.04821203886055603,0.20131210782243325,28.36792175682366
0.28571208628186073,0.9771741842213173,0.3951377432643186,49.52408024849694
0.8685991281894603,0.4069079607228706,0.03945953289089932,54.440720522096925
0.22359583851945264,0.8707534503372591,0.47554603748682667,55.77362459029669
0.9632225394406113,0.7823854840582735,0.5430245839576632,88.63610912718605
0.012154474689816341,0.5670162609866678,0.2277497361032096,23.97705856155878
0.969878826707639,0.7384492092513265,0.9640288471655137,92.30320736914064
0.04315991195057611,0.8785155613013479,0.909454610937242,66.61906557969547
0.8911431136980711,0.404140321651033,0.7221432354559059,64.75600830743817
0.5277011090862999,0.3270331615632387,0.5333866287653626,38.21366949963762
0.9929647961193003,0.6675933855635847,0.869969159647685,75.43353916115079
0.07379656473539886,0.8078459419412586,0.1306523438234629,38.05633929725323
0.5538542844013208,0.7622851347766157,0.790509794274885,59.18114490981358
0.969302535619099,0.7978136488586345,0.1248208139668483,67.95450421929776
0.5230978441701488,0.435583314812933,0.7942106625494054,58.21116228418855
0.6293986381352625,0.8178342161750216,0.27576756825135695,61.62020998196975
0.6957486889846172,0.12020905537060844,0.8770905810181889,56.09175334373156
0.45454106476777323,0.5444890979608495,0.9440420938253978,61.95126264397988
0.6275580800840634,0.0057586604981215705,0.14879596940511564,35.41810462249165
0.5843143119231002,0.3245858299002703,0.4626756050653935,41.53838474637432
0.901158010490989,0.3664615348713979,0.9809873781626851,70.01218290191295
0.04544638034145787,0.3961726916092554,0.4834074359731466,23.905788092956797
0.2809631895922303,0.6954672066898622,0.8635475225145451,61.31952694001107
0.9504114840765587,0.38855810127034573,0.5887315221313199,70.83627390278278
0.8902637838909163,0.44869362262253065,0.37532990791960186,62.95420244200781
0.45565675278571294,0.23754413087432746,0.2857835555258702,39.602371914626374
0.6201325978015367,0.3732517916293401,0.20322309108608727,37.05948955935865
0.2773811829811327,0.22726962726315147,0.7617981913776972,46.43075961565372
0.1881211597237613,0.07319592376844364,0.3865405068230279,27.366409499982968
0.46369840493998216,0.6034485933813779,0.5112754622007512,56.128633507195026
0.3533522280260528,0.6682127985550163,0.4923254800011819,58.73866861435253
0.5836561118508721,0.6194903460096145,0.5772790292331312,51.1772662768108
0.07773463696498484,0.46349404380057235,0.8655771456245522,38.348864970919976
0.9743948076661665,0.3797857801792298,0.9807393435834294,73.11026089909568
0.9862107444796029,0.8633336495718252,0.40758420857381694,83.46210934733014
0.6981617140197451,0.519081785136218,0.8275189221063031,61.53160039520428
0.5360963663441204,0.47918187762973097,0.7645277946547177,61.115890983860766
0.30952761628632774,0.025642065806435688,0.5735289514555733,34.46948146105126
0.8137950197069487,0.34124782762615635,0.9560471436119331,71.87266784591174
0.6847311725538793,0.38019561878585706,0.20047451552840279,47.12671156617775
0.1626169393448913,0.3988227808969005,0.10926421030962141,18.255713458423962
0.9109271844938425,0.5801723692273323,0.8539619669554221,73.85791464596905
0.822537242923169,0.5336025467268785,0.4391498166337483,68.80441879469454
0.949799913291924,0.6079050927934446,0.8469688542070605,84.3396411541507
0.72571950838836,0.7648832615421283,0.8930902051954149,77.93185202250653
0.6134151959357899,0.8129857387160935,0.06245759361907144,52.463000804142204
0.4182430362906189,0.7181230762264944,0.8834647629860607,53.82160882864669
0.9327284833540133,0.9555236959549347,0.4483190553694222,76.60618298339661
0.8660638895004084,0.01823258267636163,0.5104324890042322,57.598603634493415
0.04521867010618941,0.1957779856835461,0.6265925110932102,17.923511225489616
0.026366974497252005,0.00756287497814212,0.9263826067300868,25.426343878482626
0.3764633668780496,0.647474714154603,0.01911609442976403,43.235271897253185
0.8105533307818329,0.8980305489499869,0.4768434683178171,69.49967581245683
0.9872761293149445,0.24348229657629927,0.6877220424305607,66.1295289874377
0.15041689110352818,0.9270345447963066,0.7227069576982285,61.220136342020844
0.5941307153521351,0.06026739028956085,0.692532431537108,43.25039467218399
0.3808908566310215,0.9344360268055143,0.13443512940812186,65.64378871697075
0.9699143978146032,0.3516226872396344,0.29939558837168123,50.245263380872395
0.8421189231357087,0.10142082844921652,0.35871552541701346,51.49601670599566
0.8383287047111379,0.48587175918632564,0.804437207679505,69.78558126497222
0.4686931597949703,0.25677656772050794,0.278759872414553,38.56350384656379
0.4148195023376652,0.28487290196192283,0.21070496386720317,34.03749151735022
0.27340707193070624,0.3072899649262866,0.9574480190380962,41.9618511400507
0.056375496650927115,0.8030258978326634,0.0088632851134689,31.72749038031373
0.8647223762550532,0.5391612766752545,0.9978208556819782,69.11555386889404
0.8129010091300776,0.31130769915600365,0.6768212988573956,63.34857980995509
0.9997176732861306,0.6103337833109184,0.8284692994491171,83.55291416350792
0.9966368370739054,0.7161506742231936,0.29461939634619316,75.48953283263833
0.5554317056026274,0.27262400073353377,0.014315277667059978,37.40758181689103
0.7689874151805105,0.4135491015253515,0.73786951856153,65.51855232569453
0.944765729882428,0.12188609333694755,0.8341445970006758,63.65070448609856
0.8496473906774115,0.18114934953468032,0.7404761319535191,54.43268447634179
0.24734810174319766,0.6811178539649828,0.1428502873008386,33.74320232277802
0.4505441353100935,0.18143834769562694,0.7534279222569691,49.14147873906157
0.12915941515149498,0.5251633836670602,0.768922782107641,49.95184161562782
0.9540510272587224,0.7090462617224327,0.6585405156700549,78.25162096082514
0.60617463445088,0.10687692309474384,0.7661159327955862,47.37058974250726
0.22864280550346272,0.5673122196289035,0.8459214396777321,45.62660402412461
0.6717006844058567,0.25656278370136376,0.6136041142374584,57.05161188805568
0.6181282404578958,0.9629268752375798,0.08860471396967906,63.96977221933199
0.3581627180328405,0.4835456467199247,0.48762780966721087,53.147388780510006
0.11355759219962902,0.8059925497751581,0.07764933467160506,30.301660911007126
0.6715731955927996,0.5502265421562618,0.40754303103243084,54.41939307990083
0.5203077009037933,0.043412532854819164,0.40710648912562764,33.66663852683895
0.7723183917356393,0.6331513755940223,0.06600984414024158,57.93572760735125
0.5201635011119934,0.951403342206657,0.3488205339694793,61.74783218321155
0.8521815003185401,0.6016118201463312,0.11099809879131484,53.55382073537757
0.5519068387744855,0.8191888594267902,0.8082352100092222,75.3608015257655
0.5609379715353863,0.8842064633484078,0.9476880259644708,80.6826225404494
0.876653602658345,0.22807977194893247,0.0723164752579386,40.27547750317628
0.40348286621239704,0.21204483990822665,0.9551152072917014,54.215978233103826
0.13401522845064073,0.6109809888509917,0.5225765993367452,45.660352277211985
0.028782676313338973,0.4110284698067047,0.2995656779538739,23.697927930854036
0.755137255673619,0.8398613028667203,0.07686207527616351,61.92017702106424
0.6203095513534647,0.9000231233980112,0.5006242680704178,71.59908693040896
0.7040797680992236,0.3534213793027181,0.7945155444907487,56.08731226055149
0.21296416150891073,0.23687055897448206,0.7070864772666982,34.63635535195116
0.13637147558676976,0.7805255152438618,0.05022601146397376,23.266984620559395
0.014544665667881929,0.2748060355481361,0.07290183536790351,16.404821982612308
0.350587558806597,0.8226143185136784,0.4028732826326371,45.07936945384925
0.5899176868546331,0.42373825364876283,0.2952904940479433,53.326907845235596
0.3922440450997323,0.6675498992914705,0.23238432305604784,43.2130158857597
0.43747492202372906,0.09553531383466818,0.2810044989087136,26.809510428224506
0.9041586944937484,0.623859324676573,0.8034827432968846,74.94982319542957
0.34825546702330035,0.4517676787372291,0.9292280536318539,51.532594407920996
0.5139894891598108,0.5866084631754741,0.4051026945275664,58.311099866463366
0.7836530127411431,0.16801420774486342,0.9061110021324971,47.440349551352966
0.39654278232127016,0.7368737449441821,0.32149570124788196,56.07451182753517
0.6220867002278735,0.8627970775432285,0.4764369863437916,68.68240778723127
0.8623637087467452,0.21673980009077565,0.22602899781599972,41.696058059160876
0.9495206236576421,0.09571455552016173,0.640476042175844,51.96617347866126
0.14707348092903794,0.023638586046336396,0.9789811151748089,39.56678276419453
0.9265876251614944,0.641971500443266,0.6034930960433786,69.8923005233449
0.4921162930795382,0.6070940360887808,0.35781408411354887,44.11154253614778
0.25824438829895835,0.54669741271407,0.6478174459905284,51.34619383853764
0.4591357562382613,0.23194709611597542,0.12292067846538757,31.249359956653855
0.980032575285477,0.39090599590551467,0.8886590802653986,70.40986199206507
0.4926180939928696,0.594476335186173,0.5030839507798364,54.17161913774984
0.3287516102875082,0.4967668588591694,0.44934974203964206,36.64188460436092
0.6334008543167258,0.9877855202148873,0.5858647884535192,80.0592540836411
0.24014561877819307,0.13643975255673313,0.6247838627894025,35.30766748471411
0.07586332810866392,0.6951445540475938,0.07177580622651303,31.819018665784878
0.12887972191064923,0.4043187681042921,0.6826172212234024,38.180081596896336
0.12804583895777244,0.42819961492561476,0.24193168031552958,34.96305271293252
0.15190269351229435,0.7175977656581762,0.7139526325065898,49.039276988133814
0.13882717264941014,0.6924361513243696,0.8225347943841967,44.44235143483026
0.6408747448032146,0.9912559937021883,0.8039585075525203,82.67528182467971
0.18188008439914483,0.12839428945412523,0.5525009674078891,36.01176293974298
0.3456672833238632,0.10410964938416634,0.5201698923107512,25.400978903239867
0.8967884099060118,0.7243388171287412,0.14287596133941172,62.987980195761786
0.47396164026287235,0.5783869170064091,0.7753461504031356,60.667891656324855
0.6675577385210272,0.27416066655980587,0.27140938044671437,42.813643136573454
0.17231987120162984,0.0794193689889866,0.49669542281794654,17.178340431241818
0.19228901880867078,0.08565824959643054,0.2842740929275167,23.40574109256217
0.04086861626647886,0.8941908746641183,0.13382836299969314,47.87733794898192
0.16893506307216455,0.1918673247187429,0.6295576968917366,30.19235860545553
0.2785903390319586,0.32337156211552076,0.05433203482290383,19.299577657214165
0.17701048427674682,0.22665640222698802,0.7486452341262,25.984721676902076
0.08870253375705561,0.3549963058319373,0.31758679526111666,25.202521842033853
0.12063587110060081,0.06942384274609337,0.00013469300448532007,12.778023381830721
0.46077876803272577,0.5190597909082704,0.5111291392372298,51.75231061650614
0.2063337184057925,0.0676125635922149,0.046851908527603126,11.77906697055503
0.36426986104807546,0.8003565078223616,0.27616955782089947,46.54115290228163
0.5034172708548569,0.23371208191043302,0.7069764874557162,40.53020772386189
0.6903948286293653,0.5400119146045106,0.06268962162186587,52.25720732850354
0.039312139841098936,0.8800790875614583,0.8393384923560023,57.92757407412298
0.7994103989090426,0.6508773690471942,0.003819922658583108,47.123973006024414
0.6279003894909078,0.5329577865513353,0.24682386920190225,57.889329729884025
0.08175903194887191,0.3243337531153756,0.7409040561520714,36.015000145264814
0.8735786241067772,0.33300191305819793,0.3162701497293068,61.50293889026966
0.9208724005318132,0.6694869551981901,0.10189238806601353,56.10361041243395
0.06107795985486375,0.9941393612211675,0.3602339188004279,39.41472322986892
0.2768776481472037,0.6618391898493786,0.27039328638452553,40.25446318139306
0.8062012797930613,0.5577834173700249,0.8427119021605549,75.35219048816317
0.7482596903836584,0.7306505102392461,0.31334791758514313,72.31865752798333
0.18452101935637732,0.46520561228371815,0.7889324717760072,46.91674356766107
0.2093493233367103,0.060142342600785215,0.8918721448107347,31.56235216070409
0.370472102791382,0.5622968158779098,0.43381741957652953,40.2128621184659
0.4845229851910213,0.9576252845053802,0.909943143854392,81.7963858252847
0.618254771530296,0.17530294235765964,0.37731805396319285,35.47521806405617
0.3689136395697724,0.6900048908206657,0.9640784164901082,71.15101994762851
0.4625347161331479,0.20093368865905648,0.08928952452557293,26.344382613499672
0.7474709381337565,0.5358276844730813,0.6870192665032427,73.78119850757841
0.0366832028905979,0.09667644964671962,0.49381404045692867,20.59101131497871
0.25243694434402075,0.45037093625818514,0.38764880545564706,34.866703231976196
0.7133495858845524,0.7561633288952461,0.6327118787486009,68.22051505630009
0.8952068376871993,0.3475715242389821,0.7038570916343312,63.865164759980225
0.5116774421156661,0.664911724487218,0.004363269650309087,45.98967324481318
0.5321134852653157,0.7954499607897292,0.16695308874719872,53.6848977380217
0.10717201133977605,0.9271778194794527,0.7130460506343187,51.59519836088632
0.44741236682345464,0.23464208185545354,0.6663854135782065,41.94044582574605
0.5326172664550232,0.39931591580930814,0.9660475051286772,59.8248204883394
0.24247050363472966,0.15241601333041743,0.761037790250783,23.41565489614931
0.26924323094938096,0.9924835021583752,0.950772707731338,71.56681008074533
0.37728416310462265,0.9270009679242953,0.702540501534807,60.20130681632138
0.02007119777772637,0.5399571302805596,0.29805220863944315,21.38599067088599
0.3220791655831783,0.8420332943764213,0.10536492225085647,36.55173324721973
0.21144800699654465,0.5209579772720422,0.7818238633449356,37.2675835786672
0.32749735217791465,0.6235856880027597,0.6441492214759159,44.251886188549626
0.11976213181925122,0.08912443211601662,0.04818601239329623,5.569385918510584
0.890527280739895,0.7552704204968079,0.36005046590097833,80.82311328214138
0.5935924535540487,0.12771348363523483,0.9567998154842862,49.50426707702629
0.6791023191444896,0.8260676302525284,0.5004011457102012,69.47523899871327
0.7891712386073383,0.7820280876703859,0.43272913601970464,71.75846794578129
0.4984421989290573,0.7087446977429764,0.457699605159294,56.84156843822806
0.08692028808742369,0.036160380524762115,0.20888272400516372,9.577275638362746
0.5371065418185478,0.3031283559453286,0.3687071708647952,35.334964584452074
0.5868411180208791,0.26311256991084286,0.3698132559871766,49.18255380879014
0.74543947418433,0.3601364074715191,0.0523550201874724,52.7672119517526
0.4316595462296794,0.08764274676383854,0.7675676285179183,31.10977522825605
0.12758030279556376,0.9369578230310628,0.416504431903879,43.18920376107483
0.28377590579872447,0.5538022407123763,0.8221798868164233,49.8895601154077
0.3630822963986351,0.30552431065802355,0.8503480011198954,41.652653782422654
0.6459172413316012,0.3969815170742834,0.21199405469865806,47.56072188560975
0.5707783046689119,0.44720254050483565,0.6573534821701286,51.275697146645875
0.35609672589784624,0.6005943333606173,0.4722818041629817,57.89699614664302
0.9865152487929797,0.5156794276964978,0.8801567379214851,85.46605134085172
0.6057748193568872,0.9193919732144173,0.21574067917645412,62.866098969352514
0.23722679173599448,0.49696348290583026,0.6778132003100442,48.963054895493606
0.10178247262040374,0.9921580148233127,0.6077521222527226,59.52013460173669
0.15285913918433203,0.8514249577450957,0.2953014775718328,40.477038587456235
0.24595772838450813,0.2085105143573358,0.1366009036511726,16.470113506456567
0.16068137325955567,0.9305952146439163,0.6516397604772766,55.67979676969944
0.18656702405130576,0.11636639788547609,0.7385974581323307,34.30862196384189
0.2850951686938471,0.8174497084911916,0.31562734376335,48.60053213229643
0.17337359529475482,0.3806232934765801,0.6448326040223138,28.492591773073354
0.8967654246264252,0.8779743204450695,0.39513090761150327,72.46386867116782
0.08023374566164221,0.8680566901074503,0.7132068832826177,51.05164174432001
0.5245113895702547,0.8059254001176211,0.1992152748940531,53.78989843764911
0.4103968269896615,0.7900304363070614,0.8902150026361744,76.185024300187
0.9823786169086064,0.3046791390980408,0.28740959646557973,50.21421474442018
0.11203890216805235,0.08091928305125218,0.3677859877561529,19.036326896599117
0.39785559904574164,0.40298017876516146,0.058091952080349785,38.91639456226051
0.9694704332753689,0.17352451498650867,0.1115122123212764,58.99722939068846
0.8655071258939803,0.6949510889024617,0.5158619027123281,69.81813359923376
0.8170720709492799,0.34609972653778553,0.2675926767279715,53.94333744859398
0.25790282704493983,0.9756102008599149,0.8354802257421944,68.1982775414427
0.17088758739006582,0.640972077345332,0.014693388654953843,30.614269576829553
0.668643219924431,0.822480563634361,0.3790940486719362,64.51567373478176
0.9293759891275858,0.13252467274184843,0.3373455467690927,52.42691872779568
0.5567628930139298,0.8620144822726226,0.019327630917601035,40.26298294694058
0.5716126894698998,0.9227571905133943,0.12436839900051022,61.680566672090706
0.2799790936602842,0.4870619188189359,0.41364267491863527,39.21828729634984
0.7694929331919369,0.6062529377509774,0.49286458444744663,63.207810276256524
0.18704374855752337,0.7648098009029954,0.4042897472548691,54.59164763387529
0.3236792364042437,0.17483862726041255,0.5309376784120938,28.96529327663377
0.4254364386164168,0.5025660764634424,0.5951316749056815,47.47018214819404
0.507610378684455,0.3986630277723131,0.00992382112783563,44.46348315862872
0.24240973241508024,0.1463739921622491,0.4640951594535039,22.26155148437024
0.11483682473920354,0.36753442229153144,0.9634992408875883,38.79408237727875
0.6106200424416326,0.06817230938549357,0.5190322801295487,39.05151241224205
0.28863055324025577,0.025811906949486985,0.6775422674589532,33.59086796996385
0.5812382214226123,0.13516628915482276,0.3118638579168832,36.815957962011936
0.1543627152742023,0.9631151115891738,0.7739913781527625,52.77019523464692
0.4811401018548175,0.549529535895017,0.7729214818761151,55.14133206178522
0.5325894325515859,0.96582216115322,0.521296047654139,65.10298196771855
0.05182353682242691,0.432497878330132,0.9760138232792136,41.224607570316806
0.3366042781939206,0.3118161330852596,0.12555021476265338,29.645709447956392
0.13441467693897424,0.5061418628402441,0.016947664889580993,25.606272678646896
0.06337497047276774,0.4395116886329101,0.770158211757096,28.29180444474796
0.9899602323899452,0.10566468426174391,0.8071555373648825,68.7952666166852
0.32235384497472297,0.6408263146902062,0.12020722912057624,39.59109977114366
0.8098744458546349,0.2160381825095996,0.2655828329586061,53.518545283956065
0.25464065476376385,0.6195879548978296,0.01755236336662891,34.53100533259368
0.6815027222239293,0.6502010923981534,0.2933086107805647,62.85647718108547
0.7602278598896866,0.1520248531286481,0.7731418739186715,57.39125766030757
0.5956387406078443,0.06134962711066816,0.5179605277125789,45.652928547015364
0.47157618855015837,0.7807615860684398,0.3480955931682881,57.50334606369783
0.41184091414726853,0.4598004237693202,0.3717392949063303,41.370557538260684
0.3488682665429953,0.05816379550547579,0.0013536257154681541,27.386477749532574
0.9295291442478258,0.9948663171697671,0.2998005275652359,83.94168567138524
0.8306194077877291,0.05778056099636664,0.6464587416379305,54.277286592352326
0.9650269106665126,0.6950352288585532,0.9741944438163571,80.90064844942711
0.12429722348554473,0.9836789252634136,0.8470608269838995,54.135633910921065
0.7308674752036443,0.23918010421592562,0.023594964645529126,39.65945418255066
0.9383404568210378,0.14224936868719618,0.8985606046748393,65.70396728260557
0.18123306616566015,0.1213849394224289,0.7831984132986259,28.007143033835487
0.0664962673667775,0.30327514756759555,0.7803761235709804,33.48879744687175
0.741120649290059,0.10104581101064669,0.4579957590035715,52.57445797228226
0.5744731131799119,0.6921613416941319,0.3980052929545028,60.631716183105155
0.8418287767582721,0.06229179813006269,0.3029157288331926,37.721214676949195
0.1397723766262895,0.5094221281497897,0.06569485895436578,24.505496888438646
0.7952673118598902,0.9966968538529768,0.2282353634936991,68.37613404232947
0.20162732004774453,0.8139702695060188,0.24660363497802462,40.780643527028246
0.1636559428657045,0.6152194382310109,0.4840770697102016,38.11276646732039
0.16426579793099294,0.30625362078661167,0.747444406596694,33.587390896668445
0.8145747202313821,0.6238958362916385,0.4738098283979466,59.98891192954433
0.6651972206962001,0.5270414639116516,0.057844449447160606,45.862177893343876
0.5230654247691193,0.4260833838903715,0.9577898009882039,56.97724226739633
0.3588304841235025,0.13071037674019947,0.9427243190941123,27.84894707818855
0.8772005408131083,0.8866042152404667,0.7851895431484084,96.01376786715917
0.3924451074226354,0.4497846488213225,0.9913279015642206,61.66731281584058
0.8165994394715771,0.19462251182076507,0.5444823328002629,51.20632018797145
0.4391349085702184,0.3677593508772896,0.9627683502532061,54.60027762854701
0.3769444294249076,0.41412975252892703,0.07560504061675077,25.604172794339707
0.46267978566960644,0.8275378955668743,0.3656807482613713,65.09165086721347
0.3013778741641421,0.733614380561402,0.22538126800676583,52.85259346024946
0.7476093801762511,0.7693048936413398,0.19583308413427003,62.50934222908631
0.5027203900924792,0.011031264428647214,0.14080294889267608,29.132636801945445
0.2322126951468173,0.4161539981797615,0.6224136415659967,40.29067267598388
0.8995745732745685,0.4813441516353236,0.7813218557473051,65.67944743752204
0.3838912213732114,0.019192276823056686,0.5782983994203607,28.42572168442617
0.5435528611139886,0.2598132087450342,0.14696270958820967,35.16928432420077
0.9064721109645469,0.760289823122135,0.8111237699334709,80.87438390247615
0.6242379959139921,0.13710970572899905,0.6359547071637285,44.57396082899269
0.11689804070836407,0.5353101314525917,0.3881657061269955,32.65892109480458
0.9398321236134751,0.2152018720172375,0.674130295536063,61.574215364216585
0.6277080530714179,0.012120774643893273,0.25990497924283285,32.29146616895122
0.3349056146570861,0.24120145759954148,0.3451922084942105,25.165055482639655
0.13927207266338726,0.9758737549100538,0.9174858431319902,59.07852966104745
0.794025189270296,0.8015371118829896,0.2905045056714204,60.65449780000214
0.6200727559285135,0.9595766443210334,0.4699882681579366,75.02687724075614
0.5334610919763215,0.48785404392636245,0.8901411373960146,50.13862894217429
0.8938925830509576,0.1097361986775035,0.7077213502675275,63.057455749023745
0.7885972112245307,0.547959488973693,0.06220322616470275,59.20929820349227
0.15167487973275118,0.4543773345599609,0.14730304427897034,24.141875070969828
0.31172206779554823,0.844357082739616,0.007841590771916818,29.20173493786992
0.24848913981446574,0.09808258078424459,0.6309217902291634,27.33894786591982
0.743946292572677,0.4882411370217782,0.4476734254104183,57.717206327485684
0.03353243473577938,0.15004866469398426,0.13427485090227553,4.896880826632946
0.5698896848713165,0.32467592689006,0.9579341210567704,55.53150589338281
0.7624586857406905,0.7373570773877997,0.5296597239456199,77.19831423115787
0.8767656367617495,0.47601812936876653,0.24189329411288918,61.103228162707744
0.34208174871590746,0.37588828514576933,0.5006035711547075,34.73162863571542
0.8212573046720129,0.3944762785700353,0.6796203327351078,55.65947440723228
0.11063173695520723,0.45944676840598664,0.07623921797356448,20.776800233708077
0.8464522917345182,0.7850165438370569,0.274703815047892,67.13398218312282
0.12748866233198242,0.8920846889402344,0.8069654908839936,58.977643815103924
0.39728729056036727,0.9553346865039283,0.45966487040266124,58.14324384728042
0.7972953657795536,0.7869033862552951,0.5465771420322949,75.65535957773416
0.14991742734877378,0.31540689574801273,0.43281600220946925,37.532108700669276
0.22925139523264149,0.6881347060865421,0.04389994264300512,38.42977420063108
0.7222525683930663,0.4376031240553919,0.16574977982015593,48.10951403651139
0.7200365365460744,0.2546706220460512,0.4455416387418909,47.937721846735556
0.6411476328852973,0.8408715794259226,0.20918546540792782,58.52268155961802
0.6939484444671,0.038426348962324997,0.04997902865967874,36.25554027111807
0.5427244433475962,0.9017619921354235,0.8436496640518237,71.22532183018275
0.25179905890695276,0.46147746462473416,0.9811925291641158,50.97960039224662
0.34569599350391944,0.6372014768082804,0.7931428739967394,56.2144527877705
0.18159771680142567,0.6593539222057827,0.853784921704667,49.176998027818435
0.9084505613336283,0.8951177407065364,0.24197713031704537,66.85424389657953
0.5833917947661205,0.6366696821672073,0.9606269755131998,71.24965757241542
0.4008514167636399,0.6139335847600618,0.19692570445342839,42.13985488920655
0.4620058036441327,0.06665204056068996,0.9514298103618323,47.10000117161811
0.9472833396118153,0.5184080219452041,0.994819293965951,78.2380951695077
0.1533514031160802,0.15016900081704165,0.7117228057460487,35.287147790956126
0.5862298320167972,0.7374337687214856,0.9811437317918219,69.40409957466021
0.505888678884466,0.5122219208126745,0.5695397795671037,60.9620102930893
0.6114542354346478,0.6802277792083533,0.25954178317609033,46.01650371993923
0.01811018382084051,0.041672900602384266,0.43699588566562086,15.281706338342048
0.8721239089441515,0.08479201604580322,0.593560935378786,55.06885371647194
0.9321182824836124,0.7163233880626823,0.07308156202701499,60.20530359250934
0.5651331835892089,0.07208433599867337,0.6223432646172461,42.80883040825814
0.6966508238768923,0.0712567277652586,0.9811778367622945,61.2870576947179
0.9224993811772957,0.01210847523488745,0.19010764978372763,30.99236892813576
0.7072386343133986,0.9565013982994801,0.7925951162883833,84.0956962576814
0.15253904291426135,0.737508359459007,0.9078987937796194,42.14547004047579
0.5762883601668132,0.35325140850206416,0.9437015928202208,54.179549507134254
0.6067150463828559,0.2965355812876552,0.9601356044054472,66.79656913502308
0.424130671302386,0.34970322974584955,0.5214596387214719,39.332420694276706
0.7364442356247228,0.7746535311811819,0.9773079079915037,75.133940894073
0.9343670147690148,0.6613706110704144,0.7573102071344389,78.46571851166266
0.9255685129067763,0.18519556786746794,0.1616714362369619,57.88590298837424
0.4508393714041321,0.17410933533408435,0.47690010646797,26.891493018527353
0.11323804584075525,0.09839564971339732,0.718331175372004,20.67509939970249
0.9848411989623346,0.6603027197013381,0.24734031581908333,76.17490945941543
0.8388980864459341,0.7643726622217359,0.6406151835488874,85.61285794200897
0.12466268120326685,0.265046428325004,0.6666004790466192,30.410988094219874
0.9208418826173723,0.020944961030912812,0.1626997438085659,35.438979023357774
0.8698963620621283,0.08217166747642735,0.5650853124527563,62.27821316452479
0.5188380571260721,0.9678600348450305,0.7716269109786077,81.89150823783012
0.5912754357449292,0.29544477747742026,0.4988956645359419,49.858711193716594
0.39900270387013026,0.7692231478381336,0.012103116776107425,39.12348450385547
0.05476163882203133,0.6246635688542638,0.009038469079292177,24.034505485572605
0.3351972416459009,0.3819396396528959,0.3570293439700122,34.89971024771354
0.8028534485980114,0.2056872621955551,0.926194068431782,64.12230035463732
0.004632023004602859,0.12138641815940643,0.22867677960360877,17.40573223651024
0.3334991716911442,0.6150129680388666,0.6343636888716871,55.121598176485286
0.3981686935909433,0.774633780637788,0.22207587069332058,43.203946448369535
0.5373956029379229,0.6439042535411307,0.3216699896595486,58.95670498304289
0.9198556164127605,0.5303021332491583,0.848042089601484,78.12151226033384
0.34634599436596125,0.041951223431636264,0.7288614422699469,36.978997630788975
0.3469532018962277,0.9684887775943838,0.09539927731321063,57.49292152087581
0.7375012481097484,0.7987141916545746,0.4287020209864336,62.61469590939312
0.45221794088980716,0.29282203670096474,0.029169763645264468,28.887605117725347
0.22460482293998196,0.9799703293588506,0.480890146603009,52.64813535343821
0.4524395161326934,0.6018815896363221,0.6624340117010681,47.88498944827843
0.14085702037979986,0.5824226582072465,0.11850262359815156,30.71518933042401
0.1763869865062233,0.7480731794295321,0.28888493890916567,53.01794697093382
0.49836777273947974,0.8117697880901376,0.3978366255021569,49.092180407759166
0.4189254495045479,0.6564786073315027,0.9195310246560497,62.560641797938395
0.9148459010681,0.12809574636620003,0.993255015422964,69.11127722648897
0.3623938991166331,0.3382675059944984,0.044911298995615856,28.07329215764407
0.5805883502780435,0.9280836403260497,0.761007923495392,74.16601924733958
0.6322642879195304,0.22461561184385193,0.37172406640234323,35.94913777414549
0.013094456588333636,0.3721670238375133,0.39245818622948003,24.52501246828413
0.6635373720167106,0.432076882944196,0.7542649733470227,56.73699023231122
0.17803596686975143,0.4394049896944522,0.9184264321454086,34.511665592838334
0.9610703174694551,0.6129395824945255,0.9509285945025484,89.64187405121896
0.14866272775311296,0.9430758377447076,0.5771225860383208,58.174157181357515
0.41462412372702373,0.24069271183250496,0.3571211593005028,34.195543729986596
0.08534966807864386,0.12150137630091806,0.7875490858587793,28.500635481175884
0.9968742518459474,0.19747048985993731,0.25100138326230026,58.433061864071014
0.5021950103312426,0.8869249002092695,0.5640740288335178,66.35372092530248
0.5953850173200438,0.645810812655206,0.35857846152487316,59.90332844766237
0.06707647738842748,0.28590678923916013,0.6566310737078761,27.618162557235358
0.7499604703991778,0.8159469389686173,0.2403989128935069,71.12645319507612
0.20990559309558576,0.861369996363436,0.19159294573482577,44.93792586957776
0.8980542894407137,0.846514338690278,0.9182390866754371,89.47641031670358
0.20513964048200717,0.9189265336395545,0.1018036829495369,36.562800926842954
0.19068772066366657,0.2522410201733616,0.5059579077349317,30.53967149749615
0.03654966784809488,0.7550419287462783,0.22085278296300892,29.2499992066465
0.47206694510999925,0.46053949727414,0.03892996332566745,32.78339565949408
0.5648411332626164,0.8419985528900615,0.03601881829142639,48.88718699736186
0.06570863942835237,0.7284906771616132,0.17522177210582734,27.174888920940116
0.7755276166950106,0.7764474464997246,0.8667703545060003,90.48988117302561
0.4532888347480276,0.6561618376810715,0.28247874397702666,54.81588161812629
0.52439026932758,0.17742876946970687,0.9504591705752957,60.54893447964665
0.44076274693822814,0.5450269188969383,0.5816222929891935,45.132534265873986
0.400763060875326,0.9846697395245082,0.4366141897687661,61.765586812144434
0.5596403313082179,0.9373880664971189,0.5800888346694546,63.22887832044376
0.1552402459307125,0.04317373579701167,0.5166983852262678,17.159675834795284
0.18192813049527112,0.16481481572943713,0.7587762537573252,27.4244151971914
0.8617856210135173,0.1317287734545619,0.28249606597285226,52.342253592979475
0.9461154621336327,0.7259799099852955,0.3530503916003024,70.09902673432941
0.37330931627975295,0.8177853298569451,0.8940943025332507,71.24911342798454
0.27074467314355377,0.2135113663106719,0.9464565131504055,44.98470202331839
0.6439995432390158,0.505852692951829,0.8925582274864745,77.29697543056045
0.4087341710980964,0.8407030280112,0.4194479939573136,48.86295155755008
0.02538635566034486,0.7328015447662506,0.7803655030068817,52.4688120673386
0.15615259736619036,0.5422372054918483,0.4763357333010988,42.86500377139342
0.7159722288473975,0.5903476904587729,0.4975398521461022,56.872660433470344
0.6589239419101514,0.50836054691628,0.20468010905728395,54.30224622727375
0.02709599250348349,0.2975484513188206,0.5911303032585165,27.957017892892114
0.22197216193294944,0.5650219928590161,0.18613589775334793,32.1706723714502
0.2310747965880714,0.6888853020500907,0.33156469906719377,37.52341747709589
0.6718927435987284,0.8733229158608077,0.8550302016199351,75.22221958232986
0.019710537754364155,0.6362913539792481,0.20707580921085522,38.48457460864926
0.10410858198457384,0.761121537043158,0.07115828517343281,32.585968300016724
0.7999160853731894,0.160071634954573,0.0690075926128163,43.234990461315334
0.1785446620543336,0.4615574744197899,0.9407845205031079,42.86141419110592
0.6527461078518747,0.009331619827093296,0.5069204379618346,35.21019722596092
0.23818278104672652,0.24667886452162302,0.40941207181701833,33.806297341801034
0.09944139275934516,0.7264617151130048,0.8108785810079184,42.927899206769276
0.24317219099945409,0.9918099513493635,0.835825927910516,63.25981529544242
0.7222669318556592,0.0991780995872159,0.3321910331156046,40.83682364303019
0.8556964681062857,0.40149431586128825,0.6936180574737952,66.17747422544166
0.8302198645669916,0.8000709686991595,0.7711228158518866,79.59388245836664
0.3971835296184548,0.20403563462889884,0.6546506868659545,41.373954473878136
0.6680851365706462,0.5550849493022862,0.15159507480009937,53.40553433749741
0.20498429541582097,0.7330712960296748,0.875883083517057,59.42713199289453
0.29314773026101326,0.615985450260179,0.5390945527360087,41.83374474460789
0.8963358185211198,0.18802473461541613,0.2824724263700037,48.07533362199046
0.013001923510736035,0.3553845686857394,0.4252281854376939,29.563055789757357
0.08550853085446808,0.7837917844853972,0.03757109039890738,36.26556688900967
0.20788625514602732,0.5542265141320166,0.12786680122241756,24.04575097361679
0.026532203873819715,0.005229613542912737,0.7655467505158609,22.140392893612265
0.18143543508979731,0.7609907600280938,1.1634755366141114e-05,24.001258626585276
0.5830415609696922,0.03531135494023907,0.4165658284822922,35.20638008405521
0.42142455059249795,0.7457337827312321,0.5225101810855884,65.50925403016264
0.8926717110769748,0.2024805601652374,0.054634420000972295,39.42008496254168
0.8174435617384409,0.9580734801193802,0.9730781629723328,86.38565312056636
0.34181735169787597,0.3679407513020845,0.22612533124967193,36.023902552594095
0.2594234334312925,0.3269316163380791,0.30419871963628087,21.710504323943262
0.3796924081672669,0.14888805033244468,0.30394251225502733,24.833565745276726
0.5902949425148077,0.3056042154902149,0.2304166621173499,43.050567483592346
0.26806364082287626,0.8766507618282006,0.001473822086311416,38.27073861061284
0.624148907849134,0.9963343376272473,0.7293447940879964,76.89142804706405
0.4094116521912404,0.36830953050684834,0.9668454997992854,57.15936570194661
0.5520471808519802,0.44861063095454257,0.22429348328504506,45.49832681729714
0.4361265291353167,0.722070938202737,0.6630471918034224,60.627815779071035
0.29446575954191767,0.8861957804650745,0.7418963269587151,59.647279475572
0.9484533069621567,0.5930443341867842,0.8484253790905247,81.7556240286316
0.7636057941597608,0.39152569817782934,0.4226291970136091,54.1946977274559
0.14011317576645255,0.41262184084862374,0.30293090564042924,29.90859215099959
0.8684679758979128,0.6956181464968069,0.3252951340230311,64.73307238829062
0.48743119824951364,0.0032182636042786816,0.7126213330985128,36.51257561169541
0.8945522268940914,0.6195893374598407,0.816779466505636,72.93741358673891
0.7998552559473152,0.3554930104413574,0.18161396775660266,48.80177674722401
0.42521350446923345,0.7941973312770843,0.3709410081577652,50.023967659267186
0.022469308320117398,0.09299063982313216,0.90194019674915,21.13171739453311
0.2686773593849461,0.5882022669483905,0.8066935196947392,52.79481745023693
0.5416342146608669,0.48097288988612374,0.9848584027624758,64.1845786807992
0.6334782198261473,0.6423255259052274,0.7542482596820808,70.59109736652373
0.2578876854332023,0.06485359448296835,0.39319520102792227,20.25963540205455
0.13935607407282413,0.5799837874281313,0.5906378339946378,42.67988560694728
0.8349302367992991,0.5614845879595237,0.6610142542473203,72.32851426810662
0.9844021807035521,0.5606600944161709,0.07845581631712395,63.18445497979415
0.5256901823026858,0.6034876665964548,0.5444969591038651,51.63383118656927
0.1716792858483035,0.6764679372263622,0.7093208284726096,49.023387360026
0.27230732651936895,0.8049889996807698,0.16732130400106038,45.070642129901515
0.018390676547466733,0.26982072012821434,0.7806317174255571,29.73103753656481
0.914298806560499,0.8250494101800621,0.5837727805141116,69.61061283971951
0.11775108289014113,0.4982556822634536,0.9522217856975946,46.75698495713379
0.5765164755142536,0.07705827913433116,0.042422298206891695,37.88091144243023
0.274055220687206,0.0585509292439792,0.26532613755546697,17.844448446129274
0.5541780025157934,0.3342383186960608,0.6015538792998241,45.263922748212856
0.6514203883518642,0.7848969771114676,0.2965599122059307,62.8089503366812
0.8297418037072016,0.7076809347409158,0.7144241640712422,77.38100001833403
0.2064212717606032,0.7886149646724064,0.759005282521931,60.7971825240887
0.010995828658480478,0.5172690564416094,0.10251596406647445,14.81780844391297
0.13688563006880727,0.44019899795549056,0.5138544642067677,37.385652999238616
0.9000186418481051,0.14745252670628395,0.5088905555910559,56.83595830467785
0.8738900775625152,0.32819275360931155,0.36928077021554107,54.96363604951231
0.5974131021703083,0.43401936617387527,0.9329248625696721,64.10376005674821
0.6005168604336534,0.08860042967961723,0.8275063198732212,52.95663486095505
0.6650366745462555,0.22061195271121126,0.6972093819096368,56.114696774625784
0.1753712786234496,0.5982252940637388,0.7143266357349976,40.09580577017514
0.9144119459249598,0.7356631142391898,0.4617161438131191,77.96838136447543
0.4187705248920731,0.9983475113929496,0.9209945210965759,74.39440389668798
0.38313852824949746,0.9331133313435577,0.6945954272532854,65.71376389841411
0.5189177052828375,0.6425651995351915,0.7289810616558164,61.83700169144909
0.046965966775055046,0.421248053294072,0.8616909037873453,37.41337818698705
0.1662833687560794,0.6361773647082327,0.274071589342191,41.72786973412142
0.7380336164263704,0.785651618080232,0.807070903866703,76.77733408728446
0.08279866792512647,0.11833619092338732,0.19524060295649204,6.736997831320073
0.6031521094663882,0.40990488969628824,0.34534195224488784,45.13865504429917
0.24534910968132095,0.8398022856356172,0.3356104542698427,48.490779325297886
0.38929561404197655,0.383832951933044,0.9785254683891406,59.61518851054937
0.28869373677069987,0.5718722712271865,0.8565372237479268,55.992182982221856
0.35567271646494913,0.5877693608621982,0.7011698615902597,48.07540643479617
0.7190459051842455,0.18447625313363936,0.7270567616153901,65.8208736908264
0.297121715623175,0.3622354416522884,0.5620727944025711,39.93880549771127
0.5664046402968972,0.33451128874193214,0.9470906671085191,64.41830108555156
0.47605040219909966,0.026196708532064794,0.49625875288236154,31.606797540759143
0.6636711653626481,0.024191763891355245,0.3805177098698945,39.57329732097797
0.936829739324758,0.8316970436757735,0.163035336931591,74.8558120475242
0.7325720972102503,0.2730708099728124,0.786205652261058,64.60647710275617
0.21494037859075676,0.5180787662388154,0.7344439320755914,50.37831179076972
0.031183135061284672,0.29872557358877305,0.3843550385241349,25.672581441526706
0.2622640442998251,0.9406792451153405,0.02519341395922936,42.46873704404011
0.5950779307002548,0.25929675886577375,0.8389973277180107,50.994706771482235
0.05142581348425035,0.4296568127389351,0.011417983454073632,19.043508123205573
0.49636624720123634,0.8727302504846018,0.703699779629051,72.65834350744213
0.5968428489168892,0.8419335667918086,0.970257109726057,76.48421303365726
0.3342438908169608,0.18610141784627732,0.43766132814820347,36.15069828957516
0.7709122037458219,0.8026433097957104,0.23497340499595276,72.06642284501245
0.1065982531337718,0.45818688673789265,0.7048710100433817,33.34064181689456
0.07513778173580876,0.4829688720853552,0.8171281420155851,36.15302182382801
0.7281887562036033,0.13347997241594378,0.5464303160778473,46.75823189012167
0.49549131620619846,0.08060151375712465,0.9670352752561462,48.35465085209694
0.688402396427736,0.7279393069737652,0.0516687216579611,51.682854573804995
0.4348273386037462,0.49646115235529975,0.5047955983045281,54.15013722853426
0.2464020332391068,0.43685070261517955,0.7184539473225501,45.227538911751566
0.8191023176741997,0.7295082286523967,0.862640471149179,80.06012772973504
0.7994158789689793,0.7655128989911097,0.17925561190779005,56.07142930180012
0.6946964708544268,0.15890816766935356,0.8000034817636814,46.77065266455895
0.2721451372299627,0.6102251494776413,0.5527070757185453,47.466408865288614
0.5902306668690871,0.13535408227768553,0.3965536819899632,27.597483473457377
0.3609738969400268,0.7513750860290457,0.13171502857909356,49.093146651315365
0.09158207332663415,0.6569551562671395,0.8652957589089124,47.49833815327646
0.9173135754622428,0.956614621083458,0.15727320817971535,90.3213498088773
0.1368186309189614,0.06895801635642118,0.30978785920909924,27.17055354254123
0.9502373538208024,0.05705472115125432,0.2900455319624369,46.35030234594934
0.44600577295795574,0.28218707469320015,0.8714140341908543,48.97044437469502
